<export><workspace name="Security Episode 8"><query name="Setup Roles - No Compartments" focus="true" listorder="1" taborder="1" active="true" database="2478966201784785122" server="839927398346369205" database-name="Documents" server-name="App-Services" mode="javascript">/*
  Create all the roles used in this example without the implementation of compartments.
*/

'use strict';

const roles = ['secret-read', 'cia', 'mi6'];
               
const insertRole = (role) =&gt; {
  const data = { 'role-name': role };
  const options = {
    authentication: {
      method: 'digest',
      username: 'admin',
      password: 'admin'
    },
    data: xdmp.quote(data),
    headers : {
      'content-type' : 'application/json'
    }
  };
  xdmp.httpPost('http://localhost:8002/manage/v2/roles', options);
  return `${role} role has been created`;
}

roles.map(role =&gt; insertRole(role));</query><query name="Setup Users" focus="false" listorder="2" taborder="2" active="true" database="2478966201784785122" server="839927398346369205" database-name="Documents" server-name="App-Services" mode="javascript">/*
  Create all the users used in this example (before the implementation of compartments) and assign them to appropriate roles.
*/

'use strict';

const users = [
  {'user-name': 'felix', 'password': 'pass', 'role': ['cia', 'secret-read']},
  {'user-name': 'bond', 'password': 'pass', 'role': ['mi6', 'secret-read']}
];

const insertUser = (user) =&gt; {
  const options = {
    authentication: {
      method: 'digest',
      username: 'admin',
      password: 'admin'
    },
    data: xdmp.quote(user),
    headers : {
      'content-type' : 'application/json'
    }
  };
  xdmp.httpPost('http://localhost:8002/manage/v2/users', options);
  return `${user['user-name']} user has been created`;
}

users.map(user =&gt; insertUser(user));
</query><query name="Insert Test Docs" focus="false" listorder="3" taborder="3" active="true" database="2478966201784785122" server="839927398346369205" database-name="Documents" server-name="App-Services" mode="javascript">//  insert two example docs in the Documents database to help us test our implementation.

'use strict';
declareUpdate();

if (xdmp.databaseName(xdmp.database()) === 'Documents') {
  
  xdmp.documentInsert(
    '/compartments/example1.json',
    {
      'title': 'example to test compartment security. this doc is readable by secret-read and cia roles.'
    },
    [xdmp.permission('secret-read', 'read'), xdmp.permission('cia', 'read')],
    ['memos', 'compartments']
  );

  xdmp.documentInsert(
    '/compartments/example2.json',
    {
      'title': 'example to test compartment security. this doc is readable by secret-read and mi6 roles.'
    },
    [xdmp.permission('secret-read', 'read'), xdmp.permission('mi6', 'read')],
    ['memos', 'compartments']
  );
  
} else {
  'Please select the Documents database from the Content Source menu and run this script again.'; 
}</query><query name="Test - No Compartments" focus="false" listorder="4" taborder="4" active="true" database="2478966201784785122" server="839927398346369205" database-name="Documents" server-name="App-Services" mode="javascript">/* 
  Test the ability to read documents before the implementation of compartments.
*/

'use strict';

const query = 
  `cts.search('compartment');`;
   
xdmp.eval(
  query,
  null,
  { userId: xdmp.user('bond')}
);
</query><query name="Setup Roles - Compartments" focus="false" listorder="8" taborder="8" active="true" database="2478966201784785122" server="839927398346369205" database-name="Documents" server-name="App-Services" mode="javascript">/*
  Create the cia and mi6 roles with compartments.
*/

'use strict';

const roles = ['cia', 'mi6'];
               
const insertRole = (role) =&gt; {
  const data = { 'role-name': role, 'compartment': 'organization' };
  const options = {
    authentication: {
      method: 'digest',
      username: 'admin',
      password: 'admin'
    },
    data: xdmp.quote(data),
    headers : {
      'content-type' : 'application/json'
    }
  };
  xdmp.httpPost('http://localhost:8002/manage/v2/roles', options);
  return `${role} role has been created`;
}

roles.map(role =&gt; insertRole(role));</query><query name="Delete Roles" focus="false" listorder="5" taborder="5" active="true" database="2478966201784785122" server="839927398346369205" database-name="Documents" server-name="App-Services" mode="javascript">/*
  Once a role is created, its compartment cannot be changed.
  Therefore we need to delete the cia and mi6 roles so they can be rebuilt with compartments.  
*/

'use strict';

const roles = ['cia', 'mi6'];
               
const deleteRole = (role) =&gt; {

  const options = {
    authentication: {
      method: 'digest',
      username: 'admin',
      password: 'admin'
    },
    headers : {
      'content-type' : 'application/json'
    }
  };
  
  xdmp.httpDelete(fn.concat('http://localhost:8002/manage/v2/roles/', role), options);
  return `${role} role has been deleted`;
}

roles.map(role =&gt; deleteRole(role));</query><query name="Test - Compartments" focus="false" listorder="11" taborder="11" active="true" database="2478966201784785122" server="839927398346369205" database-name="Documents" server-name="App-Services" mode="javascript">/* 
  Test the ability to read documents after the implementation of compartments.
*/

'use strict';

const query = 
  `cts.search('compartment');`;
   
xdmp.eval(
  query,
  null,
  { userId: xdmp.user('bond')}
);
</query><query name="Setup Users" focus="false" listorder="9" taborder="9" active="true" database="2478966201784785122" server="839927398346369205" database-name="Documents" server-name="App-Services" mode="javascript">/*
  Create all the users used in this example and assign them to appropriate roles.
*/

'use strict';

const users = [
  {'user-name': 'felix', 'password': 'pass', 'role': ['cia', 'secret-read']},
  {'user-name': 'bond', 'password': 'pass', 'role': ['mi6', 'secret-read']}
];

const insertUser = (user) =&gt; {
  const options = {
    authentication: {
      method: 'digest',
      username: 'admin',
      password: 'admin'
    },
    data: xdmp.quote(user),
    headers : {
      'content-type' : 'application/json'
    }
  };
  xdmp.httpPost('http://localhost:8002/manage/v2/users', options);
  return `${user['user-name']} user has been created`;
}

users.map(user =&gt; insertUser(user));
</query><query name="Delete Users" focus="false" listorder="6" taborder="6" active="true" database="2478966201784785122" server="839927398346369205" database-name="Documents" server-name="App-Services" mode="javascript">/*
  Delete the existing users so that we can rebuild them and assign the new compartmented roles.  
*/

'use strict';

const users = ['bond', 'felix'];
               
const deleteRole = (user) =&gt; {

  const options = {
    authentication: {
      method: 'digest',
      username: 'admin',
      password: 'admin'
    },
    headers : {
      'content-type' : 'application/json'
    }
  };
  
  xdmp.httpDelete(fn.concat('http://localhost:8002/manage/v2/users/', user), options);
  return `${user} user has been deleted`;
}

users.map(user =&gt; deleteRole(user));</query><query name="Insert Test Docs" focus="false" listorder="10" taborder="10" active="true" database="2478966201784785122" server="839927398346369205" database-name="Documents" server-name="App-Services" mode="javascript">//  insert two example docs in the Documents database to help us test our implementation.

'use strict';
declareUpdate();

if (xdmp.databaseName(xdmp.database()) === 'Documents') {
  
  xdmp.documentInsert(
    '/compartments/example1.json',
    {
      'title': 'example to test compartment security. this doc is readable by secret-read and cia roles.'
    },
    [xdmp.permission('secret-read', 'read'), xdmp.permission('cia', 'read')],
    ['memos', 'compartments']
  );

  xdmp.documentInsert(
    '/compartments/example2.json',
    {
      'title': 'example to test compartment security. this doc is readable by secret-read and mi6 roles.'
    },
    [xdmp.permission('secret-read', 'read'), xdmp.permission('mi6', 'read')],
    ['memos', 'compartments']
  );
  
} else {
  'Please select the Documents database from the Content Source menu and run this script again.'; 
}</query><query name="Delete Documents" focus="false" listorder="7" taborder="7" active="true" database="2478966201784785122" server="839927398346369205" database-name="Documents" server-name="App-Services" mode="javascript">// delete the test documents. we will insert them again with the new permissions defined

'use strict';

declareUpdate();

xdmp.documentDelete('/compartments/example1.json');

xdmp.documentDelete('/compartments/example2.json');</query></workspace></export>
